rho_label,label,rho_numeric,mean_weighted_sum_rate,std_weighted_sum_rate,mean_runtime_sec,std_runtime_sec,mean_signaling_messages,std_signaling_messages,mean_iterations,std_iterations,mean_gap_to_global,std_gap_to_global
non-coop,non-cooperative,0.0,16.73216561128651,2.7840930092849567,0.028979223920032382,0.0006804885626639526,0.0,0.0,40.0,0.0,12.838757680768158,1.514080239746769
rho=1,localized-rho1,1.0,24.16406407002425,2.579511107380575,0.03706606262130663,0.0009295310108908684,4800.0,0.0,40.0,0.0,5.406859222030414,1.8612841467308978
rho=2,localized-rho2,2.0,29.570923292054665,1.439030554740265,0.042710062582045794,0.0004334025675989089,8400.0,0.0,40.0,0.0,1.7763568394002505e-15,1.1234667099445444e-14
rho=3,localized-rho3,3.0,29.57092329205467,1.439030554740269,0.04260005190735683,0.00022986904916044398,8400.0,0.0,40.0,0.0,0.0,0.0
global,global,-1.0,29.57092329205467,1.439030554740269,0.045950703031849116,0.008337181222436605,8400.0,0.0,40.0,0.0,0.0,0.0
